,depth,Temp,Conductivity,Salinity,Sound Velocity,Density
0,0.0,26.453,23.432,13.733,1515.25,1006.94
1,1.0,23.941,49.169,31.337,1529.55,1022.08
2,2.0,23.927,49.96,33.468,1530.19,1022.55
3,3.0,23.93,50.129,33.608,1530.35,1022.65
4,4.0,23.972,50.241,33.698,1530.52,1022.68
5,5.0,23.982,50.299,33.724,1530.61,1022.71
6,6.0,23.992,50.33,33.742,1530.67,1022.72
7,7.0,24.001,50.361,33.754,1530.72,1022.73
8,8.0,23.992,50.361,33.762,1530.72,1022.75
9,9.0,23.992,50.361,33.765,1530.74,1022.75
10,10.0,23.992,50.375,33.769,1530.77,1022.76
11,11.0,23.992,50.372,33.772,1530.79,1022.77
12,12.0,23.992,50.376,33.773,1530.8,1022.77
13,13.0,23.982,50.371,33.773,1530.8,1022.78
14,14.0,23.971,50.358,33.777,1530.79,1022.79
15,15.0,23.943,50.345,33.784,1530.74,1022.81
16,16.0,23.923,50.33,33.792,1530.72,1022.82
17,17.0,23.879,50.291,33.803,1530.62,1022.84
18,18.0,23.802,50.248,33.821,1530.48,1022.89
19,19.0,23.757,50.223,33.835,1530.4,1022.92
20,20.0,23.679,50.147,33.849,1530.22,1022.94
21,21.0,23.603,50.116,33.873,1530.09,1023.0
22,22.0,23.571,50.116,33.891,1530.05,1023.03
23,23.0,23.548,50.1,33.898,1530.01,1023.04
24,24.0,23.532,50.085,33.904,1529.99,1023.05
25,25.0,23.503,50.085,33.921,1529.96,1023.08
26,26.0,23.456,50.07,33.941,1529.88,1023.12
27,27.0,23.4,50.024,33.95,1529.76,1023.15
28,28.0,23.333,49.947,33.953,1529.6,1023.16
29,29.0,23.257,49.886,33.962,1529.44,1023.2
30,30.0,23.181,49.825,33.977,1529.28,1023.23
31,31.0,23.125,49.794,33.989,1529.17,1023.27
32,32.0,23.018,49.684,33.995,1528.91,1023.31
33,33.0,22.872,49.564,34.007,1528.58,1023.36
34,34.0,22.715,49.414,34.02,1528.19,1023.42
35,35.0,22.415,49.151,34.045,1527.47,1023.53
36,36.0,22.339,49.12,34.071,1527.33,1023.58
37,37.0,22.328,49.105,34.077,1527.31,1023.59
38,38.0,22.318,49.09,34.077,1527.3,1023.59
39,39.0,22.299,49.075,34.077,1527.27,1023.6
40,40.0,22.269,49.059,34.085,1527.22,1023.62
41,41.0,22.231,49.029,34.092,1527.14,1023.64
42,42.0,22.199,48.998,34.098,1527.08,1023.66
43,43.0,22.087,48.914,34.113,1526.82,1023.71
44,44.0,21.981,48.816,34.125,1526.57,1023.75
45,45.0,21.777,48.646,34.142,1526.08,1023.83
46,46.0,21.759,48.631,34.154,1526.05,1023.84
47,47.0,21.687,48.558,34.155,1525.87,1023.87
48,48.0,21.609,48.5,34.161,1525.7,1023.9
49,49.0,21.512,48.411,34.172,1525.47,1023.93
50,50.0,21.411,48.337,34.185,1525.24,1023.99
51,51.0,21.279,48.217,34.199,1524.91,1024.03
52,52.0,21.193,48.143,34.214,1524.71,1024.07
53,53.0,21.167,48.131,34.221,1524.67,1024.09
54,54.0,21.14,48.11,34.222,1524.62,1024.1
55,55.0,21.094,48.075,34.223,1524.52,1024.13
56,56.0,21.01,47.986,34.229,1524.31,1024.15
57,57.0,20.982,47.972,34.237,1524.26,1024.17
58,58.0,20.982,47.972,34.236,1524.27,1024.18
59,59.0,20.919,47.911,34.239,1524.13,1024.2
60,60.0,20.896,47.896,34.247,1524.08,1024.21
61,61.0,20.867,47.865,34.249,1524.02,1024.22
62,62.0,20.838,47.85,34.252,1523.97,1024.24
63,63.0,20.737,47.745,34.262,1523.71,1024.28
64,64.0,20.666,47.697,34.274,1523.55,1024.31
65,65.0,20.657,47.697,34.282,1523.55,1024.32
66,66.0,20.645,47.681,34.283,1523.53,1024.33
67,67.0,20.618,47.666,34.283,1523.49,1024.35
68,68.0,20.591,47.636,34.283,1523.42,1024.36
69,69.0,20.571,47.62,34.287,1523.39,1024.37
70,70.0,20.571,47.62,34.29,1523.41,1024.37
71,71.0,20.561,47.62,34.292,1523.4,1024.39
72,72.0,20.542,47.605,34.294,1523.37,1024.4
73,73.0,20.542,47.605,34.295,1523.39,1024.4
74,74.0,20.533,47.59,34.296,1523.38,1024.4
75,75.0,20.523,47.59,34.301,1523.37,1024.42
76,76.0,20.514,47.59,34.301,1523.37,1024.43
77,77.0,20.481,47.553,34.301,1523.3,1024.44
78,78.0,20.437,47.513,34.303,1523.19,1024.46
79,79.0,20.36,47.42,34.308,1522.99,1024.47
80,80.0,20.256,47.36,34.324,1522.76,1024.53
81,81.0,20.18,47.299,34.336,1522.58,1024.57
82,82.0,20.146,47.268,34.344,1522.5,1024.58
83,83.0,20.12,47.253,34.35,1522.45,1024.6
84,84.0,20.114,47.253,34.354,1522.46,1024.61
85,85.0,20.104,47.237,34.355,1522.44,1024.61
86,86.0,20.029,47.178,34.36,1522.26,1024.64
87,87.0,19.894,47.058,34.375,1521.92,1024.69
88,88.0,19.828,47.023,34.392,1521.78,1024.73
89,89.0,19.809,47.002,34.395,1521.75,1024.75
90,90.0,19.788,46.977,34.395,1521.7,1024.75
91,91.0,19.752,46.947,34.395,1521.62,1024.77
92,92.0,19.661,46.857,34.39,1521.38,1024.8
93,93.0,19.381,46.588,34.402,1520.62,1024.88
94,94.0,19.249,46.494,34.429,1520.3,1024.94
95,95.0,19.17,46.426,34.441,1520.1,1024.97
96,96.0,19.126,46.38,34.445,1519.99,1024.98
97,97.0,19.097,46.365,34.45,1519.94,1025.0
98,98.0,19.042,46.305,34.45,1519.79,1025.02
99,99.0,18.93,46.201,34.451,1519.5,1025.06
100,100.0,18.875,46.151,34.451,1519.36,1025.08
101,101.0,18.705,45.951,34.447,1518.86,1025.1
102,102.0,18.441,45.733,34.465,1518.16,1025.2
103,103.0,18.397,45.705,34.479,1518.06,1025.23
104,104.0,18.287,45.6,34.482,1517.76,1025.27
105,105.0,18.202,45.526,34.487,1517.54,1025.3
106,106.0,18.066,45.391,34.495,1517.16,1025.34
107,107.0,17.974,45.317,34.494,1516.93,1025.38
108,108.0,17.782,45.109,34.493,1516.36,1025.41
109,109.0,17.727,45.061,34.499,1516.22,1025.43
110,110.0,17.653,44.987,34.498,1516.02,1025.46
111,111.0,17.616,44.956,34.503,1515.93,1025.47
112,112.0,17.597,44.941,34.508,1515.89,1025.48
113,113.0,17.568,44.918,34.508,1515.83,1025.5
114,114.0,17.521,44.88,34.511,1515.71,1025.52
115,115.0,17.512,44.868,34.509,1515.7,1025.52
116,116.0,17.436,44.788,34.506,1515.49,1025.54
117,117.0,17.399,44.757,34.51,1515.4,1025.56
118,118.0,17.369,44.727,34.512,1515.33,1025.57
119,119.0,17.328,44.687,34.508,1515.22,1025.59
120,120.0,17.244,44.604,34.508,1514.99,1025.61
121,121.0,17.211,44.589,34.513,1514.92,1025.63
122,122.0,17.163,44.528,34.512,1514.78,1025.64
123,123.0,17.136,44.512,34.515,1514.72,1025.66
124,124.0,17.126,44.497,34.516,1514.71,1025.66
125,125.0,17.12,44.497,34.517,1514.71,1025.67
126,126.0,17.098,44.467,34.517,1514.65,1025.67
127,127.0,17.085,44.467,34.518,1514.64,1025.69
128,128.0,17.067,44.447,34.519,1514.6,1025.7
129,129.0,17.051,44.436,34.52,1514.57,1025.71
130,130.0,17.042,44.421,34.52,1514.56,1025.71
131,131.0,17.023,44.405,34.52,1514.52,1025.72
132,132.0,17.014,44.39,34.516,1514.5,1025.72
133,133.0,16.961,44.336,34.512,1514.36,1025.74
134,134.0,16.873,44.252,34.513,1514.11,1025.77
135,135.0,16.863,44.252,34.519,1514.11,1025.78
136,136.0,16.853,44.235,34.516,1514.09,1025.78
137,137.0,16.76,44.13,34.513,1513.81,1025.8
138,138.0,16.686,44.071,34.514,1513.62,1025.83
139,139.0,16.594,43.981,34.516,1513.35,1025.85
140,140.0,16.567,43.961,34.52,1513.3,1025.87
141,141.0,16.544,43.946,34.522,1513.25,1025.88
142,142.0,16.525,43.927,34.522,1513.21,1025.89
143,143.0,16.488,43.885,34.521,1513.1,1025.9
144,144.0,16.478,43.885,34.521,1513.1,1025.91
145,145.0,16.431,43.839,34.524,1512.97,1025.93
146,146.0,16.422,43.824,34.523,1512.96,1025.93
147,147.0,16.375,43.778,34.521,1512.83,1025.95
148,148.0,16.365,43.762,34.523,1512.81,1025.95
149,149.0,16.356,43.762,34.525,1512.8,1025.96
150,150.0,16.347,43.762,34.529,1512.8,1025.97
151,151.0,16.347,43.762,34.526,1512.82,1025.98
152,152.0,16.328,43.732,34.524,1512.77,1025.98
153,153.0,16.309,43.716,34.526,1512.73,1025.99
154,154.0,16.275,43.676,34.521,1512.63,1025.99
155,155.0,16.202,43.595,34.513,1512.41,1026.01
156,156.0,16.131,43.538,34.517,1512.23,1026.04
157,157.0,16.112,43.533,34.522,1512.2,1026.06
158,158.0,16.103,43.517,34.518,1512.18,1026.06
159,159.0,16.038,43.442,34.5,1511.98,1026.07
160,160.0,15.714,43.11,34.492,1510.98,1026.14
161,161.0,15.483,42.884,34.506,1510.28,1026.19
162,162.0,15.366,42.805,34.519,1509.96,1026.25
163,163.0,15.334,42.776,34.525,1509.88,1026.27
164,164.0,15.324,42.767,34.527,1509.86,1026.27
165,165.0,15.324,42.767,34.529,1509.88,1026.27
166,166.0,15.305,42.752,34.529,1509.84,1026.28
167,167.0,15.287,42.723,34.528,1509.79,1026.28
168,168.0,15.268,42.709,34.528,1509.75,1026.29
169,169.0,15.24,42.691,34.527,1509.69,1026.31
170,170.0,15.212,42.66,34.524,1509.61,1026.32
171,171.0,15.189,42.629,34.524,1509.55,1026.32
172,172.0,15.165,42.614,34.525,1509.5,1026.34
173,173.0,15.155,42.599,34.525,1509.47,1026.34
174,174.0,15.155,42.599,34.525,1509.49,1026.34
175,175.0,15.137,42.583,34.529,1509.45,1026.35
176,176.0,15.137,42.599,34.528,1509.49,1026.37
177,177.0,15.118,42.568,34.527,1509.43,1026.37
178,178.0,15.109,42.568,34.53,1509.43,1026.38
179,179.0,15.077,42.522,34.525,1509.32,1026.38
180,180.0,15.04,42.492,34.525,1509.23,1026.4
181,181.0,15.02,42.469,34.516,1509.18,1026.41
182,182.0,14.855,42.307,34.509,1508.67,1026.44
183,183.0,14.819,42.263,34.51,1508.56,1026.45
184,184.0,14.719,42.158,34.508,1508.25,1026.47
185,185.0,14.652,42.098,34.509,1508.06,1026.49
186,186.0,14.56,42.008,34.508,1507.78,1026.52
187,187.0,14.523,41.98,34.507,1507.69,1026.53
188,188.0,14.465,41.91,34.503,1507.5,1026.54
189,189.0,14.385,41.833,34.501,1507.26,1026.56
190,190.0,14.348,41.803,34.504,1507.17,1026.58
191,191.0,14.331,41.787,34.506,1507.13,1026.59
192,192.0,14.321,41.787,34.503,1507.12,1026.6
193,193.0,14.265,41.715,34.499,1506.94,1026.6
194,194.0,14.256,41.711,34.5,1506.93,1026.61
195,195.0,14.241,41.696,34.5,1506.9,1026.62
196,196.0,14.224,41.68,34.5,1506.86,1026.62
197,197.0,14.206,41.665,34.5,1506.81,1026.63
198,198.0,14.177,41.632,34.499,1506.74,1026.64
199,199.0,14.143,41.604,34.499,1506.65,1026.66
200,200.0,14.125,41.588,34.499,1506.6,1026.67
201,201.0,14.115,41.573,34.495,1506.58,1026.67
202,202.0,14.108,41.573,34.492,1506.59,1026.68
203,203.0,14.066,41.508,34.483,1506.44,1026.67
204,204.0,13.937,41.382,34.473,1506.03,1026.71
205,205.0,13.789,41.239,34.471,1505.57,1026.74
206,206.0,13.684,41.144,34.476,1505.24,1026.77
207,207.0,13.665,41.129,34.478,1505.2,1026.78
208,208.0,13.616,41.067,34.471,1505.05,1026.78
209,209.0,13.562,41.022,34.471,1504.89,1026.81
210,210.0,13.543,41.007,34.47,1504.85,1026.82
211,211.0,13.461,40.915,34.463,1504.58,1026.83
212,212.0,13.387,40.844,34.461,1504.34,1026.85
213,213.0,13.359,40.823,34.459,1504.28,1026.87
214,214.0,13.271,40.731,34.456,1504.0,1026.88
215,215.0,13.221,40.68,34.458,1503.84,1026.89
216,216.0,13.184,40.639,34.455,1503.73,1026.9
217,217.0,13.138,40.593,34.452,1503.59,1026.91
218,218.0,13.102,40.563,34.455,1503.49,1026.93
219,219.0,13.083,40.547,34.456,1503.45,1026.94
220,220.0,13.074,40.547,34.455,1503.44,1026.95
221,221.0,13.064,40.532,34.454,1503.42,1026.95
222,222.0,13.064,40.532,34.454,1503.44,1026.95
223,223.0,13.064,40.532,34.454,1503.45,1026.96
224,224.0,13.064,40.532,34.454,1503.47,1026.96
225,225.0,13.064,40.532,34.453,1503.48,1026.97
226,226.0,13.064,40.532,34.453,1503.5,1026.97
227,227.0,13.064,40.532,34.452,1503.52,1026.97
228,228.0,13.064,40.532,34.452,1503.53,1026.98
229,229.0,13.064,40.532,34.453,1503.55,1026.98
230,230.0,13.055,40.532,34.453,1503.55,1027.0
231,231.0,13.045,40.517,34.453,1503.52,1027.0
232,232.0,13.036,40.501,34.442,1503.5,1027.0
233,233.0,12.861,40.301,34.43,1502.9,1027.01
234,234.0,12.76,40.226,34.431,1502.6,1027.05
235,235.0,12.679,40.144,34.43,1502.33,1027.07
236,236.0,12.642,40.119,34.433,1502.24,1027.09
237,237.0,12.623,40.103,34.435,1502.19,1027.1
238,238.0,12.613,40.088,34.434,1502.17,1027.1
239,239.0,12.604,40.073,34.434,1502.15,1027.1
240,240.0,12.576,40.057,34.435,1502.08,1027.12
241,241.0,12.566,40.042,34.433,1502.06,1027.12
242,242.0,12.56,40.042,34.43,1502.06,1027.14
243,243.0,12.551,40.027,34.429,1502.04,1027.14
244,244.0,12.529,40.004,34.427,1501.98,1027.14
245,245.0,12.478,39.95,34.427,1501.81,1027.15
246,246.0,12.463,39.935,34.428,1501.78,1027.16
247,247.0,12.454,39.935,34.427,1501.78,1027.17
248,248.0,12.433,39.902,34.421,1501.71,1027.17
249,249.0,12.341,39.827,34.416,1501.43,1027.2
250,250.0,12.294,39.782,34.418,1501.28,1027.21
251,251.0,12.247,39.736,34.418,1501.14,1027.23
252,252.0,12.228,39.705,34.415,1501.07,1027.22
253,253.0,12.2,39.679,34.41,1501.0,1027.23
254,254.0,12.118,39.598,34.402,1500.73,1027.25
255,255.0,11.986,39.443,34.396,1500.26,1027.26
256,256.0,11.88,39.361,34.395,1499.93,1027.3
257,257.0,11.81,39.286,34.392,1499.7,1027.31
258,258.0,11.698,39.185,34.394,1499.33,1027.33
259,259.0,11.672,39.17,34.401,1499.27,1027.35
260,260.0,11.663,39.154,34.4,1499.25,1027.35
261,261.0,11.644,39.139,34.398,1499.2,1027.36
262,262.0,11.597,39.093,34.395,1499.05,1027.38
263,263.0,11.559,39.062,34.392,1498.94,1027.39
264,264.0,11.522,39.016,34.392,1498.82,1027.39
265,265.0,11.503,39.001,34.395,1498.77,1027.4
266,266.0,11.493,39.001,34.396,1498.77,1027.42
267,267.0,11.493,39.001,34.398,1498.78,1027.42
268,268.0,11.484,39.001,34.401,1498.78,1027.43
269,269.0,11.484,38.992,34.4,1498.78,1027.43
270,270.0,11.465,38.971,34.397,1498.73,1027.44
271,271.0,11.456,38.966,34.396,1498.72,1027.45
272,272.0,11.444,38.955,34.397,1498.7,1027.45
273,273.0,11.437,38.955,34.402,1498.69,1027.46
274,274.0,11.427,38.955,34.403,1498.68,1027.48
275,275.0,11.427,38.94,34.399,1498.68,1027.47
276,276.0,11.418,38.926,34.396,1498.66,1027.47
277,277.0,11.391,38.909,34.397,1498.59,1027.49
278,278.0,11.364,38.879,34.398,1498.51,1027.49
279,279.0,11.346,38.863,34.395,1498.47,1027.5
280,280.0,11.271,38.793,34.394,1498.22,1027.52
281,281.0,11.248,38.772,34.394,1498.16,1027.53
282,282.0,11.248,38.772,34.395,1498.17,1027.53
283,283.0,11.239,38.766,34.392,1498.16,1027.54
284,284.0,11.17,38.695,34.389,1497.93,1027.55
285,285.0,11.142,38.676,34.392,1497.85,1027.57
286,286.0,11.125,38.664,34.393,1497.82,1027.58
287,287.0,11.125,38.664,34.392,1497.83,1027.58
288,288.0,11.116,38.649,34.387,1497.81,1027.58
289,289.0,11.088,38.618,34.387,1497.72,1027.59
290,290.0,11.059,38.588,34.387,1497.63,1027.6
291,291.0,11.05,38.588,34.387,1497.63,1027.61
292,292.0,11.024,38.557,34.386,1497.55,1027.61
293,293.0,11.003,38.542,34.386,1497.49,1027.62
294,294.0,10.984,38.527,34.386,1497.45,1027.63
295,295.0,10.965,38.511,34.385,1497.4,1027.64
296,296.0,10.965,38.496,34.384,1497.4,1027.64
297,297.0,10.946,38.496,34.384,1497.37,1027.66
298,298.0,10.942,38.481,34.38,1497.35,1027.65
299,299.0,10.905,38.435,34.375,1497.23,1027.65
300,300.0,10.858,38.389,34.375,1497.08,1027.66
301,301.0,10.842,38.389,34.377,1497.05,1027.69
302,302.0,10.832,38.373,34.375,1497.03,1027.69
303,303.0,10.832,38.373,34.375,1497.04,1027.69
304,304.0,10.823,38.373,34.376,1497.04,1027.7
305,305.0,10.814,38.358,34.377,1497.01,1027.7
306,306.0,10.796,38.343,34.377,1496.97,1027.71
307,307.0,10.758,38.3,34.373,1496.85,1027.72
308,308.0,10.731,38.282,34.373,1496.78,1027.74
309,309.0,10.719,38.266,34.374,1496.74,1027.74
310,310.0,10.71,38.266,34.373,1496.74,1027.75
311,311.0,10.7,38.251,34.372,1496.71,1027.75
312,312.0,10.695,38.251,34.376,1496.71,1027.76
313,313.0,10.691,38.243,34.379,1496.71,1027.76
314,314.0,10.691,38.251,34.377,1496.73,1027.77
315,315.0,10.691,38.236,34.371,1496.73,1027.76
316,316.0,10.681,38.236,34.372,1496.72,1027.78
317,317.0,10.681,38.236,34.374,1496.74,1027.78
318,318.0,10.672,38.236,34.372,1496.74,1027.79
319,319.0,10.672,38.22,34.37,1496.73,1027.78
320,320.0,10.662,38.22,34.372,1496.72,1027.8
321,321.0,10.662,38.22,34.371,1496.74,1027.8
322,322.0,10.653,38.205,34.37,1496.72,1027.8
323,323.0,10.643,38.205,34.371,1496.71,1027.82
324,324.0,10.634,38.19,34.373,1496.69,1027.82
325,325.0,10.624,38.19,34.375,1496.68,1027.83
326,326.0,10.624,38.174,34.37,1496.67,1027.82
327,327.0,10.596,38.159,34.368,1496.6,1027.84
328,328.0,10.577,38.144,34.371,1496.56,1027.85
329,329.0,10.577,38.144,34.373,1496.57,1027.85
330,330.0,10.571,38.144,34.373,1496.58,1027.87
331,331.0,10.543,38.104,34.363,1496.48,1027.86
332,332.0,10.43,37.998,34.359,1496.09,1027.89
333,333.0,10.383,37.953,34.362,1495.94,1027.9
334,334.0,10.34,37.914,34.361,1495.8,1027.91
335,335.0,10.248,37.816,34.356,1495.47,1027.92
336,336.0,10.176,37.761,34.36,1495.24,1027.94
337,337.0,10.17,37.756,34.362,1495.24,1027.96
338,338.0,10.148,37.73,34.359,1495.18,1027.95
339,339.0,10.113,37.7,34.358,1495.06,1027.97
340,340.0,10.073,37.654,34.353,1494.93,1027.97
341,341.0,10.017,37.606,34.352,1494.75,1027.99
342,342.0,9.98,37.577,34.353,1494.64,1028.01
343,343.0,9.923,37.515,34.351,1494.44,1028.01
344,344.0,9.876,37.485,34.351,1494.3,1028.04
345,345.0,9.847,37.455,34.354,1494.21,1028.04
346,346.0,9.847,37.455,34.356,1494.22,1028.05
347,347.0,9.838,37.44,34.351,1494.2,1028.05
348,348.0,9.838,37.453,34.35,1494.23,1028.06
349,349.0,9.838,37.44,34.351,1494.23,1028.06
350,350.0,9.828,37.44,34.355,1494.22,1028.07
351,351.0,9.828,37.44,34.357,1494.24,1028.07
352,352.0,9.828,37.44,34.357,1494.25,1028.08
353,353.0,9.828,37.44,34.356,1494.27,1028.08
354,354.0,9.828,37.44,34.356,1494.29,1028.09
355,355.0,9.828,37.44,34.355,1494.3,1028.09
356,356.0,9.828,37.44,34.355,1494.32,1028.1
357,357.0,9.823,37.44,34.356,1494.32,1028.11
358,358.0,9.828,37.44,34.355,1494.35,1028.1
359,359.0,9.814,37.424,34.352,1494.31,1028.11
360,360.0,9.781,37.394,34.35,1494.21,1028.12
361,361.0,9.752,37.363,34.348,1494.11,1028.12
362,362.0,9.704,37.317,34.348,1493.95,1028.14
363,363.0,9.682,37.297,34.343,1493.89,1028.14
364,364.0,9.606,37.22,34.339,1493.63,1028.16
365,365.0,9.562,37.179,34.338,1493.48,1028.17
366,366.0,9.502,37.114,34.331,1493.27,1028.17
367,367.0,9.438,37.057,34.33,1493.05,1028.19
368,368.0,9.409,37.026,34.33,1492.96,1028.2
369,369.0,9.379,37.008,34.325,1492.87,1028.22
370,370.0,9.303,36.919,34.317,1492.59,1028.21
371,371.0,9.227,36.858,34.319,1492.34,1028.24
372,372.0,9.19,36.827,34.327,1492.22,1028.25
373,373.0,9.181,36.827,34.327,1492.22,1028.27
374,374.0,9.181,36.813,34.322,1492.21,1028.26
375,375.0,9.171,36.812,34.324,1492.2,1028.27
376,376.0,9.171,36.812,34.324,1492.22,1028.28
377,377.0,9.171,36.812,34.325,1492.24,1028.28
378,378.0,9.171,36.812,34.325,1492.25,1028.28
379,379.0,9.171,36.812,34.326,1492.27,1028.29
380,380.0,9.181,36.827,34.328,1492.33,1028.3
381,381.0,9.171,36.814,34.329,1492.3,1028.3
382,382.0,9.181,36.827,34.326,1492.36,1028.3
383,383.0,9.19,36.827,34.324,1492.4,1028.3
384,384.0,9.19,36.827,34.329,1492.42,1028.3
385,385.0,9.188,36.83,34.327,1492.43,1028.31
386,386.0,9.19,36.827,34.324,1492.45,1028.31
387,387.0,9.181,36.827,34.326,1492.44,1028.33
388,388.0,9.174,36.827,34.329,1492.44,1028.34
389,389.0,9.152,36.801,34.328,1492.37,1028.34
390,390.0,9.143,36.797,34.328,1492.36,1028.35
391,391.0,9.136,36.797,34.328,1492.36,1028.36
392,392.0,9.133,36.781,34.326,1492.34,1028.35
393,393.0,9.124,36.781,34.326,1492.34,1028.37
394,394.0,9.089,36.735,34.324,1492.21,1028.37
395,395.0,9.06,36.72,34.326,1492.13,1028.39
396,396.0,9.022,36.68,34.326,1492.0,1028.39
397,397.0,8.999,36.659,34.327,1491.93,1028.4
398,398.0,8.984,36.65,34.328,1491.9,1028.41
399,399.0,8.946,36.619,34.328,1491.78,1028.42
400,400.0,8.933,36.598,34.325,1491.74,1028.42
401,401.0,8.899,36.567,34.324,1491.62,1028.44
402,402.0,8.87,36.552,34.325,1491.55,1028.45
403,403.0,8.856,36.536,34.327,1491.51,1028.45
404,404.0,8.847,36.521,34.325,1491.49,1028.45
405,405.0,8.808,36.49,34.322,1491.36,1028.47
406,406.0,8.794,36.475,34.324,1491.32,1028.48
407,407.0,8.789,36.475,34.327,1491.33,1028.48
408,408.0,8.789,36.475,34.327,1491.34,1028.49
409,409.0,8.789,36.475,34.327,1491.36,1028.49
410,410.0,8.78,36.46,34.323,1491.33,1028.49
411,411.0,8.78,36.46,34.322,1491.35,1028.5
412,412.0,8.761,36.445,34.323,1491.3,1028.51
413,413.0,8.756,36.437,34.32,1491.29,1028.51
414,414.0,8.713,36.407,34.322,1491.16,1028.53
415,415.0,8.699,36.391,34.323,1491.12,1028.53
416,416.0,8.674,36.368,34.322,1491.04,1028.54
417,417.0,8.655,36.353,34.322,1490.99,1028.55
418,418.0,8.632,36.322,34.319,1490.91,1028.55
419,419.0,8.584,36.276,34.316,1490.74,1028.56
420,420.0,8.569,36.276,34.318,1490.72,1028.58
421,421.0,8.56,36.261,34.318,1490.69,1028.58
422,422.0,8.555,36.261,34.321,1490.7,1028.58
423,423.0,8.546,36.246,34.321,1490.67,1028.58
424,424.0,8.502,36.208,34.316,1490.53,1028.6
425,425.0,8.464,36.169,34.315,1490.4,1028.6
426,426.0,8.435,36.154,34.317,1490.32,1028.62
427,427.0,8.383,36.092,34.315,1490.12,1028.63
428,428.0,8.349,36.07,34.319,1490.02,1028.65
429,429.0,8.33,36.055,34.319,1489.97,1028.65
430,430.0,8.32,36.046,34.32,1489.95,1028.66
431,431.0,8.32,36.046,34.321,1489.97,1028.66
432,432.0,8.31,36.046,34.32,1489.96,1028.67
433,433.0,8.291,36.016,34.316,1489.88,1028.67
434,434.0,8.272,36.001,34.309,1489.83,1028.68
435,435.0,8.2,35.924,34.307,1489.56,1028.69
436,436.0,8.171,35.909,34.309,1489.48,1028.71
437,437.0,8.166,35.893,34.308,1489.47,1028.7
438,438.0,8.157,35.893,34.309,1489.46,1028.71
439,439.0,8.147,35.878,34.309,1489.43,1028.71
440,440.0,8.138,35.87,34.309,1489.41,1028.72
441,441.0,8.099,35.832,34.308,1489.28,1028.73
442,442.0,8.07,35.817,34.313,1489.2,1028.75
443,443.0,8.061,35.817,34.319,1489.19,1028.76
444,444.0,8.061,35.808,34.314,1489.2,1028.75
445,445.0,8.061,35.802,34.309,1489.2,1028.76
446,446.0,8.045,35.792,34.309,1489.17,1028.76
447,447.0,8.003,35.756,34.311,1489.03,1028.78
448,448.0,7.993,35.756,34.316,1489.02,1028.79
449,449.0,7.958,35.725,34.315,1488.9,1028.81
450,450.0,7.926,35.694,34.314,1488.79,1028.81
451,451.0,7.907,35.669,34.313,1488.73,1028.81
452,452.0,7.897,35.664,34.316,1488.71,1028.82
453,453.0,7.888,35.664,34.322,1488.7,1028.83
454,454.0,7.888,35.664,34.321,1488.72,1028.84
455,455.0,7.888,35.664,34.322,1488.74,1028.84
456,456.0,7.878,35.664,34.323,1488.73,1028.86
457,457.0,7.868,35.648,34.322,1488.7,1028.85
458,458.0,7.859,35.648,34.326,1488.69,1028.87
459,459.0,7.859,35.633,34.325,1488.68,1028.86
460,460.0,7.851,35.636,34.324,1488.68,1028.87
461,461.0,7.839,35.62,34.322,1488.65,1028.87
462,462.0,7.83,35.618,34.323,1488.64,1028.89
463,463.0,7.821,35.618,34.323,1488.63,1028.9
464,464.0,7.811,35.603,34.323,1488.6,1028.9
465,465.0,7.811,35.603,34.326,1488.62,1028.9
466,466.0,7.811,35.603,34.326,1488.63,1028.91
467,467.0,7.811,35.603,34.325,1488.65,1028.91
468,468.0,7.811,35.603,34.326,1488.66,1028.92
469,469.0,7.801,35.603,34.331,1488.65,1028.93
470,470.0,7.801,35.603,34.334,1488.67,1028.93
471,471.0,7.791,35.603,34.336,1488.66,1028.95
472,472.0,7.791,35.587,34.333,1488.66,1028.94
473,473.0,7.782,35.587,34.33,1488.65,1028.95
474,474.0,7.772,35.572,34.33,1488.62,1028.95
475,475.0,7.762,35.572,34.334,1488.61,1028.96
476,476.0,7.76,35.572,34.338,1488.62,1028.97
477,477.0,7.743,35.557,34.337,1488.57,1028.98
478,478.0,7.721,35.537,34.335,1488.51,1028.99
479,479.0,7.692,35.506,34.335,1488.41,1028.99
480,480.0,7.647,35.465,34.334,1488.25,1029.0
481,481.0,7.628,35.449,34.334,1488.19,1029.01
482,482.0,7.618,35.434,34.333,1488.16,1029.01
483,483.0,7.608,35.434,34.334,1488.15,1029.02
484,484.0,7.608,35.434,34.336,1488.17,1029.03
485,485.0,7.594,35.419,34.336,1488.13,1029.04
486,486.0,7.57,35.404,34.336,1488.06,1029.05
487,487.0,7.56,35.388,34.334,1488.03,1029.05
488,488.0,7.525,35.358,34.33,1487.92,1029.06
489,489.0,7.483,35.327,34.332,1487.78,1029.07
490,490.0,7.473,35.327,34.338,1487.77,1029.09
491,491.0,7.473,35.312,34.335,1487.77,1029.08
492,492.0,7.428,35.27,34.331,1487.6,1029.09
493,493.0,7.386,35.235,34.331,1487.47,1029.1
494,494.0,7.357,35.204,34.332,1487.37,1029.11
495,495.0,7.339,35.192,34.335,1487.32,1029.12
496,496.0,7.328,35.176,34.337,1487.28,1029.12
497,497.0,7.319,35.174,34.335,1487.27,1029.13
498,498.0,7.28,35.143,34.333,1487.15,1029.14
499,499.0,7.261,35.128,34.334,1487.09,1029.15
500,500.0,7.231,35.097,34.333,1486.99,1029.16
501,501.0,7.182,35.051,34.33,1486.81,1029.17
502,502.0,7.096,34.975,34.331,1486.5,1029.19
503,503.0,7.067,34.944,34.334,1486.39,1029.19
504,504.0,7.048,34.929,34.333,1486.34,1029.2
505,505.0,7.028,34.914,34.331,1486.28,1029.21
506,506.0,7.006,34.898,34.335,1486.22,1029.22
507,507.0,6.999,34.883,34.336,1486.19,1029.22
508,508.0,6.989,34.883,34.335,1486.19,1029.23
509,509.0,6.985,34.883,34.335,1486.19,1029.24
510,510.0,6.97,34.868,34.334,1486.15,1029.25
511,511.0,6.96,34.852,34.333,1486.12,1029.25
512,512.0,6.951,34.852,34.334,1486.11,1029.26
513,513.0,6.941,34.837,34.332,1486.08,1029.26
514,514.0,6.941,34.837,34.332,1486.09,1029.26
515,515.0,6.931,34.837,34.337,1486.08,1029.28
516,516.0,6.931,34.837,34.338,1486.1,1029.28
517,517.0,6.921,34.822,34.335,1486.07,1029.28
518,518.0,6.921,34.822,34.333,1486.08,1029.29
519,519.0,6.893,34.806,34.337,1486.0,1029.3
520,520.0,6.892,34.806,34.338,1486.02,1029.31
521,521.0,6.873,34.776,34.33,1485.94,1029.3
522,522.0,6.863,34.776,34.332,1485.93,1029.32
523,523.0,6.843,34.759,34.337,1485.87,1029.33
524,524.0,6.834,34.745,34.335,1485.84,1029.33
525,525.0,6.805,34.715,34.332,1485.74,1029.33
526,526.0,6.795,34.715,34.336,1485.73,1029.34
527,527.0,6.795,34.715,34.339,1485.75,1029.35
528,528.0,6.786,34.715,34.342,1485.74,1029.36
529,529.0,6.786,34.715,34.339,1485.75,1029.37
530,530.0,6.786,34.699,34.331,1485.75,1029.36
531,531.0,6.786,34.708,34.329,1485.78,1029.37
532,532.0,6.786,34.705,34.332,1485.79,1029.37
533,533.0,6.786,34.705,34.333,1485.81,1029.37
534,534.0,6.776,34.699,34.333,1485.79,1029.38
535,535.0,6.776,34.699,34.333,1485.8,1029.39
536,536.0,6.776,34.699,34.332,1485.82,1029.39
537,537.0,6.766,34.699,34.337,1485.81,1029.4
538,538.0,6.766,34.699,34.341,1485.82,1029.41
539,539.0,6.766,34.699,34.34,1485.84,1029.41
540,540.0,6.766,34.699,34.34,1485.86,1029.42
541,541.0,6.766,34.684,34.334,1485.85,1029.41
542,542.0,6.756,34.684,34.334,1485.84,1029.42
543,543.0,6.756,34.684,34.336,1485.86,1029.43
544,544.0,6.756,34.694,34.334,1485.88,1029.44
545,545.0,6.756,34.684,34.331,1485.89,1029.43
546,546.0,6.756,34.684,34.33,1485.91,1029.44
547,547.0,6.756,34.684,34.33,1485.92,1029.44
548,548.0,6.756,34.684,34.33,1485.94,1029.45
549,549.0,6.756,34.694,34.331,1485.96,1029.46
550,550.0,6.749,34.684,34.332,1485.96,1029.46
551,551.0,6.737,34.669,34.335,1485.91,1029.46
552,552.0,6.727,34.669,34.334,1485.9,1029.48
553,553.0,6.718,34.653,34.332,1485.87,1029.48
554,554.0,6.679,34.623,34.333,1485.74,1029.49
555,555.0,6.659,34.607,34.333,1485.68,1029.5
556,556.0,6.62,34.562,34.334,1485.53,1029.5
557,557.0,6.601,34.546,34.333,1485.48,1029.51
558,558.0,6.591,34.546,34.335,1485.47,1029.52
559,559.0,6.591,34.546,34.336,1485.48,1029.53
560,560.0,6.591,34.546,34.34,1485.5,1029.53
561,561.0,6.581,34.546,34.345,1485.49,1029.54
562,562.0,6.581,34.546,34.345,1485.51,1029.55
563,563.0,6.581,34.546,34.343,1485.52,1029.55
564,564.0,6.581,34.546,34.338,1485.54,1029.56
565,565.0,6.572,34.531,34.336,1485.51,1029.56
566,566.0,6.562,34.518,34.336,1485.48,1029.56
567,567.0,6.533,34.5,34.337,1485.39,1029.57
568,568.0,6.523,34.485,34.338,1485.36,1029.57
569,569.0,6.513,34.485,34.34,1485.35,1029.59
570,570.0,6.512,34.485,34.34,1485.37,1029.59
571,571.0,6.504,34.47,34.335,1485.34,1029.59
572,572.0,6.504,34.47,34.336,1485.35,1029.6
573,573.0,6.494,34.47,34.341,1485.34,1029.61
574,574.0,6.494,34.47,34.342,1485.36,1029.61
575,575.0,6.494,34.47,34.341,1485.38,1029.62
576,576.0,6.494,34.47,34.341,1485.39,1029.62
577,577.0,6.487,34.47,34.345,1485.39,1029.64
578,578.0,6.484,34.47,34.343,1485.4,1029.64
579,579.0,6.484,34.454,34.335,1485.39,1029.63
580,580.0,6.475,34.454,34.339,1485.38,1029.64
581,581.0,6.474,34.454,34.34,1485.39,1029.65
582,582.0,6.474,34.454,34.34,1485.41,1029.65
583,583.0,6.474,34.454,34.339,1485.43,1029.66
584,584.0,6.474,34.454,34.339,1485.44,1029.66
585,585.0,6.474,34.454,34.339,1485.46,1029.66
586,586.0,6.474,34.454,34.338,1485.48,1029.67
587,587.0,6.474,34.454,34.34,1485.49,1029.67
588,588.0,6.465,34.454,34.344,1485.48,1029.69
589,589.0,6.465,34.454,34.346,1485.5,1029.69
590,590.0,6.465,34.454,34.344,1485.52,1029.69
591,591.0,6.465,34.454,34.342,1485.53,1029.7
592,592.0,6.465,34.454,34.338,1485.55,1029.7
593,593.0,6.435,34.424,34.335,1485.44,1029.71
594,594.0,6.404,34.393,34.339,1485.33,1029.71
595,595.0,6.396,34.393,34.344,1485.33,1029.73
596,596.0,6.377,34.372,34.338,1485.26,1029.73
597,597.0,6.353,34.347,34.337,1485.18,1029.74
598,598.0,6.323,34.323,34.341,1485.08,1029.75
599,599.0,6.318,34.332,34.344,1485.1,1029.76
600,600.0,6.328,34.332,34.341,1485.14,1029.76
601,601.0,6.318,34.317,34.34,1485.11,1029.76
602,602.0,6.289,34.301,34.341,1485.02,1029.77
603,603.0,6.279,34.286,34.339,1484.99,1029.77
604,604.0,6.279,34.286,34.339,1485.01,1029.78
605,605.0,6.279,34.286,34.339,1485.02,1029.78
606,606.0,6.279,34.286,34.339,1485.04,1029.79
607,607.0,6.27,34.286,34.344,1485.03,1029.8
608,608.0,6.27,34.286,34.343,1485.05,1029.8
609,609.0,6.26,34.271,34.339,1485.02,1029.81
610,610.0,6.24,34.255,34.338,1484.95,1029.81
611,611.0,6.24,34.255,34.34,1484.97,1029.82
612,612.0,6.231,34.255,34.341,1484.96,1029.83
613,613.0,6.211,34.24,34.346,1484.9,1029.84
614,614.0,6.211,34.24,34.347,1484.92,1029.84
615,615.0,6.221,34.24,34.341,1484.96,1029.84
616,616.0,6.221,34.24,34.341,1484.98,1029.84
617,617.0,6.211,34.234,34.343,1484.96,1029.85
618,618.0,6.211,34.24,34.344,1484.98,1029.86
619,619.0,6.211,34.24,34.342,1485.0,1029.87
620,620.0,6.201,34.225,34.343,1484.97,1029.87
621,621.0,6.201,34.225,34.342,1484.98,1029.87
622,622.0,6.201,34.225,34.339,1485.0,1029.87
623,623.0,6.201,34.239,34.346,1485.04,1029.89
624,624.0,6.201,34.227,34.352,1485.03,1029.88
625,625.0,6.201,34.229,34.349,1485.06,1029.89
626,626.0,6.201,34.225,34.341,1485.06,1029.89
627,627.0,6.201,34.225,34.338,1485.08,1029.9
628,628.0,6.201,34.225,34.338,1485.1,1029.9
629,629.0,6.201,34.235,34.338,1485.12,1029.91
630,630.0,6.201,34.225,34.337,1485.13,1029.91
631,631.0,6.191,34.225,34.341,1485.12,1029.92
632,632.0,6.191,34.225,34.344,1485.13,1029.93
633,633.0,6.191,34.225,34.341,1485.15,1029.93
634,634.0,6.191,34.225,34.341,1485.16,1029.93
635,635.0,6.191,34.225,34.343,1485.18,1029.94
636,636.0,6.191,34.225,34.346,1485.2,1029.94
637,637.0,6.182,34.225,34.344,1485.19,1029.96
638,638.0,6.182,34.225,34.341,1485.21,1029.96
639,639.0,6.182,34.209,34.341,1485.2,1029.95
640,640.0,6.182,34.223,34.341,1485.24,1029.97
641,641.0,6.162,34.209,34.341,1485.18,1029.98
642,642.0,6.162,34.194,34.339,1485.17,1029.97
643,643.0,6.133,34.175,34.343,1485.09,1029.99
644,644.0,6.11,34.158,34.342,1485.01,1029.99
645,645.0,6.104,34.148,34.343,1485.0,1029.99
646,646.0,6.094,34.148,34.348,1484.99,1030.01
647,647.0,6.094,34.148,34.348,1485.0,1030.01
648,648.0,6.094,34.148,34.353,1485.02,1030.02
649,649.0,6.084,34.148,34.356,1485.01,1030.03
650,650.0,6.084,34.133,34.348,1485.0,1030.02
651,651.0,6.052,34.102,34.344,1484.89,1030.02
652,652.0,6.025,34.087,34.347,1484.81,1030.04
653,653.0,6.025,34.087,34.347,1484.83,1030.05
654,654.0,6.025,34.087,34.346,1484.84,1030.05
655,655.0,6.025,34.087,34.349,1484.86,1030.06
656,656.0,6.015,34.087,34.353,1484.85,1030.07
657,657.0,6.006,34.072,34.351,1484.82,1030.07
658,658.0,5.967,34.041,34.35,1484.69,1030.08
659,659.0,5.947,34.026,34.351,1484.63,1030.09
660,660.0,5.937,34.01,34.351,1484.59,1030.09
661,661.0,5.918,33.995,34.349,1484.54,1030.1
662,662.0,5.918,33.995,34.351,1484.55,1030.1
663,663.0,5.908,33.98,34.35,1484.52,1030.1
664,664.0,5.898,33.993,34.351,1484.53,1030.13
665,665.0,5.898,33.98,34.35,1484.52,1030.12
666,666.0,5.898,33.995,34.354,1484.56,1030.14
667,667.0,5.898,33.992,34.353,1484.58,1030.14
668,668.0,5.898,33.98,34.348,1484.57,1030.13
669,669.0,5.898,33.98,34.348,1484.59,1030.14
670,670.0,5.863,33.949,34.349,1484.47,1030.15
671,671.0,5.839,33.934,34.357,1484.4,1030.16
672,672.0,5.829,33.92,34.354,1484.36,1030.16
673,673.0,5.829,33.919,34.349,1484.38,1030.17
674,674.0,5.82,33.919,34.354,1484.37,1030.18
675,675.0,5.82,33.919,34.354,1484.39,1030.18
676,676.0,5.82,33.919,34.353,1484.4,1030.19
677,677.0,5.82,33.919,34.353,1484.42,1030.19
678,678.0,5.82,33.919,34.352,1484.43,1030.2
679,679.0,5.82,33.919,34.352,1484.45,1030.2
680,680.0,5.82,33.919,34.351,1484.47,1030.2
681,681.0,5.82,33.919,34.351,1484.48,1030.21
682,682.0,5.82,33.919,34.35,1484.5,1030.21
683,683.0,5.82,33.919,34.351,1484.51,1030.22
684,684.0,5.82,33.919,34.355,1484.53,1030.22
685,685.0,5.82,33.934,34.357,1484.57,1030.24
686,686.0,5.82,33.919,34.351,1484.56,1030.23
687,687.0,5.82,33.919,34.353,1484.58,1030.23
688,688.0,5.82,33.934,34.354,1484.62,1030.25
689,689.0,5.82,33.919,34.348,1484.61,1030.24
690,690.0,5.82,33.919,34.35,1484.63,1030.25
691,691.0,5.81,33.919,34.355,1484.62,1030.26
692,692.0,5.81,33.919,34.355,1484.63,1030.26
693,693.0,5.792,33.903,34.356,1484.58,1030.27
694,694.0,5.79,33.903,34.357,1484.59,1030.28
695,695.0,5.79,33.903,34.356,1484.6,1030.28
696,696.0,5.79,33.903,34.356,1484.62,1030.29
697,697.0,5.79,33.903,34.355,1484.63,1030.29
698,698.0,5.79,33.903,34.356,1484.65,1030.29
699,699.0,5.78,33.893,34.354,1484.63,1030.3
700,700.0,5.78,33.888,34.35,1484.64,1030.3
701,701.0,5.78,33.888,34.349,1484.65,1030.3
702,702.0,5.771,33.888,34.352,1484.64,1030.31
703,703.0,5.771,33.888,34.355,1484.66,1030.32
704,704.0,5.771,33.888,34.354,1484.67,1030.32
705,705.0,5.761,33.888,34.354,1484.66,1030.34
706,706.0,5.751,33.873,34.354,1484.63,1030.34
707,707.0,5.751,33.873,34.354,1484.65,1030.34
708,708.0,5.741,33.857,34.35,1484.61,1030.34
709,709.0,5.731,33.857,34.354,1484.6,1030.35
710,710.0,5.731,33.857,34.357,1484.62,1030.36
711,711.0,5.731,33.857,34.356,1484.63,1030.36
712,712.0,5.731,33.857,34.356,1484.65,1030.37
713,713.0,5.731,33.857,34.355,1484.67,1030.37
714,714.0,5.731,33.857,34.358,1484.68,1030.38
715,715.0,5.722,33.857,34.362,1484.67,1030.39
716,716.0,5.722,33.846,34.359,1484.68,1030.38
717,717.0,5.722,33.851,34.354,1484.69,1030.39
718,718.0,5.722,33.849,34.35,1484.71,1030.39
719,719.0,5.722,33.842,34.35,1484.72,1030.39
720,720.0,5.712,33.842,34.355,1484.71,1030.41
721,721.0,5.712,33.842,34.355,1484.72,1030.41
722,722.0,5.712,33.842,34.355,1484.74,1030.41
723,723.0,5.702,33.842,34.358,1484.73,1030.43
724,724.0,5.702,33.834,34.359,1484.73,1030.43
725,725.0,5.702,33.842,34.361,1484.76,1030.44
726,726.0,5.702,33.842,34.358,1484.77,1030.44
727,727.0,5.692,33.827,34.354,1484.74,1030.44
728,728.0,5.692,33.827,34.355,1484.76,1030.44
729,729.0,5.692,33.832,34.358,1484.78,1030.45
730,730.0,5.692,33.842,34.364,1484.81,1030.47
731,731.0,5.692,33.842,34.366,1484.83,1030.47
732,732.0,5.692,33.842,34.367,1484.84,1030.47
733,733.0,5.692,33.842,34.361,1484.86,1030.48
734,734.0,5.692,33.842,34.358,1484.87,1030.48
735,735.0,5.692,33.837,34.36,1484.88,1030.48
736,736.0,5.692,33.842,34.363,1484.91,1030.49
737,737.0,5.692,33.842,34.365,1484.92,1030.5
738,738.0,5.692,33.842,34.36,1484.94,1030.5
739,739.0,5.692,33.827,34.356,1484.93,1030.49
740,740.0,5.684,33.827,34.356,1484.93,1030.5
741,741.0,5.686,33.827,34.356,1484.95,1030.51
742,742.0,5.682,33.827,34.357,1484.96,1030.51
743,743.0,5.682,33.827,34.357,1484.97,1030.52
744,744.0,5.682,33.827,34.358,1484.99,1030.52
745,745.0,5.682,33.827,34.358,1485.0,1030.53
746,746.0,5.682,33.827,34.358,1485.02,1030.53
747,747.0,5.672,33.827,34.363,1485.01,1030.54
748,748.0,5.672,33.827,34.36,1485.03,1030.55
749,749.0,5.653,33.8,34.355,1484.95,1030.54
750,750.0,5.643,33.796,34.358,1484.93,1030.56
751,751.0,5.633,33.796,34.364,1484.92,1030.57
752,752.0,5.633,33.796,34.366,1484.94,1030.57
753,753.0,5.633,33.796,34.366,1484.95,1030.58
754,754.0,5.633,33.796,34.365,1484.97,1030.58
755,755.0,5.633,33.796,34.365,1484.99,1030.59
756,756.0,5.633,33.796,34.364,1485.0,1030.59
757,757.0,5.633,33.796,34.364,1485.02,1030.59
758,758.0,5.633,33.796,34.363,1485.03,1030.6
759,759.0,5.633,33.796,34.363,1485.05,1030.6
760,760.0,5.633,33.796,34.362,1485.07,1030.61
761,761.0,5.633,33.796,34.362,1485.08,1030.61
762,762.0,5.633,33.796,34.361,1485.1,1030.61
763,763.0,5.633,33.796,34.361,1485.11,1030.62
764,764.0,5.623,33.796,34.364,1485.1,1030.63
765,765.0,5.623,33.781,34.359,1485.1,1030.62
766,766.0,5.614,33.781,34.358,1485.09,1030.64
767,767.0,5.614,33.781,34.361,1485.11,1030.64
768,768.0,5.614,33.781,34.359,1485.12,1030.65
769,769.0,5.604,33.765,34.356,1485.09,1030.64
770,770.0,5.594,33.765,34.36,1485.08,1030.66
771,771.0,5.594,33.765,34.361,1485.09,1030.66
772,772.0,5.594,33.765,34.361,1485.11,1030.67
773,773.0,5.593,33.765,34.365,1485.12,1030.67
774,774.0,5.584,33.761,34.366,1485.1,1030.68
775,775.0,5.579,33.75,34.361,1485.1,1030.68
776,776.0,5.574,33.75,34.362,1485.1,1030.69
777,777.0,5.574,33.75,34.361,1485.11,1030.69
778,778.0,5.574,33.75,34.361,1485.13,1030.7
779,779.0,5.574,33.75,34.361,1485.14,1030.7
780,780.0,5.57,33.75,34.364,1485.15,1030.7
781,781.0,5.564,33.75,34.369,1485.15,1030.72
782,782.0,5.564,33.75,34.368,1485.17,1030.72
783,783.0,5.564,33.75,34.362,1485.18,1030.73
784,784.0,5.564,33.735,34.358,1485.18,1030.72
785,785.0,5.555,33.735,34.361,1485.17,1030.73
786,786.0,5.555,33.735,34.359,1485.18,1030.73
787,787.0,5.555,33.735,34.359,1485.2,1030.74
788,788.0,5.555,33.735,34.36,1485.22,1030.74
789,789.0,5.555,33.735,34.359,1485.23,1030.75
790,790.0,5.555,33.735,34.358,1485.25,1030.75
791,791.0,5.555,33.741,34.358,1485.27,1030.76
792,792.0,5.555,33.735,34.357,1485.28,1030.76
793,793.0,5.555,33.735,34.325,1485.3,1030.76
794,794.0,5.574,25.22,24.907,1473.35,1023.36
795,795.0,5.594,15.68,15.17,1460.56,1015.46
796,796.0,5.604,15.646,14.767,1460.57,1015.43
797,797.0,5.614,15.639,14.753,1460.62,1015.42
798,798.0,5.614,15.639,14.753,1460.63,1015.43
799,799.0,5.623,15.655,14.76,1460.7,1015.44
800,800.0,5.633,15.655,14.763,1460.75,1015.44
801,801.0,5.633,15.67,14.768,1460.79,1015.46
802,802.0,5.643,15.67,14.77,1460.84,1015.46
803,803.0,5.653,15.685,14.774,1460.92,1015.47
804,804.0,5.663,15.688,14.783,1460.97,1015.47
805,805.0,5.672,15.701,14.788,1461.04,1015.49
806,806.0,5.682,15.716,14.792,1461.11,1015.5
807,807.0,5.7,15.716,14.797,1461.19,1015.49
808,808.0,5.712,15.731,14.801,1461.27,1015.51
809,809.0,5.722,15.747,14.806,1461.35,1015.52
810,810.0,5.736,15.747,14.811,1461.42,1015.52
811,811.0,5.751,15.762,14.815,1461.51,1015.53
812,812.0,5.761,15.777,14.819,1461.58,1015.54
813,813.0,5.78,15.777,14.824,1461.67,1015.54
814,814.0,5.793,15.793,14.826,1461.75,1015.55
815,815.0,5.81,15.808,14.829,1461.85,1015.56
816,816.0,5.827,15.808,14.828,1461.92,1015.55
817,817.0,5.839,15.822,14.83,1462.01,1015.56
818,818.0,5.859,15.823,14.832,1462.1,1015.56
819,819.0,5.869,15.838,14.834,1462.17,1015.57
820,820.0,5.888,15.838,14.836,1462.26,1015.57
821,821.0,5.908,15.854,14.84,1462.37,1015.58
822,822.0,5.918,15.869,14.843,1462.44,1015.59
823,823.0,5.937,15.869,14.846,1462.52,1015.59
824,824.0,5.957,15.884,14.849,1462.63,1015.59
825,825.0,5.973,15.9,14.851,1462.73,1015.6
826,826.0,5.986,15.9,14.853,1462.79,1015.6
827,827.0,6.006,15.915,14.854,1462.9,1015.61
828,828.0,6.025,15.93,14.857,1463.01,1015.62
829,829.0,6.04,15.93,14.859,1463.08,1015.62
830,830.0,6.055,15.946,14.861,1463.17,1015.63
831,831.0,6.074,15.946,14.864,1463.25,1015.62
832,832.0,6.094,15.961,14.863,1463.36,1015.63
